first_name,last_name,document_number,email,phone,address,location,hire_date,category_name,agent_type_name
Juan,Perez,50000101,juan.perez@empresa.com,611001101,Calle 101,T123:D63,2024-01-05,,
Maria,Gomez,50000102,maria.gomez@empresa.com,611001102,Avenida 202,T4:PISTA,2024-01-07,,
Carlos,Lopez,50000103,carlos.lopez@empresa.com,611001103,Calle 303,T4:M13,2024-01-10,,
Ana,Martinez,50000104,ana.martinez@empresa.com,611001104,Calle 404,T4S:S27,2024-01-12,,
Luis,Diaz,50000105,luis.diaz@empresa.com,611001105,Avenida 505,T123:B25,2024-01-15,,
Sofia,Ruiz,50000106,sofia.ruiz@empresa.com,611001106,Calle 606,T4S:PISTA,2024-01-18,,
Pedro,Sanchez,50000107,pedro.sanchez@empresa.com,611001107,Calle 707,T123:M5,2024-01-20,,
Lucia,Ramirez,50000108,lucia.ramirez@empresa.com,611001108,Avenida 808,T4:J49,2024-01-23,,
Diego,Castro,50000109,diego.castro@empresa.com,611001109,Calle 909,T4S:CN,2024-01-25,,
Valeria,Romero,50000110,valeria.romero@empresa.com,611001110,Calle 110,T123:S1,2024-01-27,,
Jorge,Alvarez,50000111,jorge.alvarez@empresa.com,611001111,Avenida 111,T4:K98,2024-02-01,,
Paula,Suarez,50000112,paula.suarez@empresa.com,611001112,Calle 112,T4S:M40,2024-02-03,,
Miguel,Torres,50000113,miguel.torres@empresa.com,611001113,Calle 113,T123:S2,2024-02-05,,
Elena,Flores,50000114,elena.flores@empresa.com,611001114,Avenida 114,T4:ZM,2024-02-07,,
Ricardo,Ortega,50000115,ricardo.ortega@empresa.com,611001115,Calle 115,T4S:S27,2024-02-09,,
Carmen,Navarro,50000116,carmen.navarro@empresa.com,611001116,Calle 116,T123:D63,2024-02-11,,
Hector,Rojas,50000117,hector.rojas@empresa.com,611001117,Avenida 117,T4:PISTA,2024-02-13,,
Isabel,Vega,50000118,isabel.vega@empresa.com,611001118,Calle 118,T4:M13,2024-02-15,,
Ramon,Delgado,50000119,ramon.delgado@empresa.com,611001119,Calle 119,T4S:PISTA,2024-02-17,,
Patricia,Guerrero,50000120,patricia.guerrero@empresa.com,611001120,Avenida 120,T123:B25,2024-02-19,,
Sergio,Leon,50000121,sergio.leon@empresa.com,611001121,Calle 121,T123:M1,2024-02-21,,
Natalia,Mendez,50000122,natalia.mendez@empresa.com,611001122,Calle 122,T4:J49P,2024-02-23,,
Fernando,Ibanez,50000123,fernando.ibanez@empresa.com,611001123,Avenida 123,T4S:CN,2024-02-25,,
Laura,Aguilar,50000124,laura.aguilar@empresa.com,611001124,Calle 124,T123:S6,2024-02-27,,
Gabriel,Silva,50000125,gabriel.silva@empresa.com,611001125,Calle 125,T4:K98,2024-03-01,,
Noelia,Cruz,50000126,noelia.cruz@empresa.com,611001126,Avenida 126,T4S:M40,2024-03-03,,
Adrian,Reyes,50000127,adrian.reyes@empresa.com,611001127,Calle 127,T123:S1,2024-03-05,,
Silvia,Herrera,50000128,silvia.herrera@empresa.com,611001128,Calle 128,T4:ZM,2024-03-07,,
Marcos,Peña,50000129,marcos.pena@empresa.com,611001129,Avenida 129,T4S:S27,2024-03-09,,
Raquel,Molina,50000130,raquel.molina@empresa.com,611001130,Calle 130,T123:D63,2024-03-11,,
Alberto,Castillo,50000131,alberto.castillo@empresa.com,611001131,Calle 131,T4:PISTA,2024-03-13,,
Claudia,Santos,50000132,claudia.santos@empresa.com,611001132,Avenida 132,T4:M13,2024-03-15,,
Oscar,Vazquez,50000133,oscar.vazquez@empresa.com,611001133,Calle 133,T4S:PISTA,2024-03-17,,
Irene,Dominguez,50000134,irene.dominguez@empresa.com,611001134,Calle 134,T123:B25,2024-03-19,,
Julio,Salazar,50000135,julio.salazar@empresa.com,611001135,Avenida 135,T123:M5,2024-03-21,,
Beatriz,Campos,50000136,beatriz.campos@empresa.com,611001136,Calle 136,T4:J49,2024-03-23,,
Eduardo,Fuentes,50000137,eduardo.fuentes@empresa.com,611001137,Calle 137,T4S:CN,2024-03-25,,
Teresa,Palacios,50000138,teresa.palacios@empresa.com,611001138,Avenida 138,T123:S2,2024-03-27,,
Hugo,Nieto,50000139,hugo.nieto@empresa.com,611001139,Calle 139,T4:ZM,2024-03-29,,
Monica,Gallardo,50000140,monica.gallardo@empresa.com,611001140,Calle 140,T4S:S27,2024-04-01,,
Victor,Guillen,50000141,victor.guillen@empresa.com,611001141,Avenida 141,T123:D63,2024-04-03,,
Lorena,Pascual,50000142,lorena.pascual@empresa.com,611001142,Calle 142,T4:PISTA,2024-04-05,,
Mateo,Ordoñez,50000143,mateo.ordonez@empresa.com,611001143,Calle 143,T4:M13,2024-04-07,,
Alicia,Marin,50000144,alicia.marin@empresa.com,611001144,Avenida 144,T4S:PISTA,2024-04-09,,
Pablo,Cabrera,50000145,pablo.cabrera@empresa.com,611001145,Calle 145,T123:B25,2024-04-11,,
Sara,Vidal,50000146,sara.vidal@empresa.com,611001146,Calle 146,T123:S6,2024-04-13,,
Rafael,Arias,50000147,rafael.arias@empresa.com,611001147,Avenida 147,T4:J49P,2024-04-15,,
Nuria,Blanco,50000148,nuria.blanco@empresa.com,611001148,Calle 148,T4S:M40,2024-04-17,,
Tomas,Prieto,50000149,tomas.prieto@empresa.com,611001149,Calle 149,T123:M1,2024-04-19,,
Daniela,Acosta,50000150,daniela.acosta@empresa.com,611001150,Avenida 150,T4:K98,2024-04-21,,
